Country,DR,Economy,Family,Freedom,Generosity,H_Rank,H_Score,Health,Region,Trust,year
Switzerland,2.51738,1.39651,1.34951,0.66557,0.29678000000000004,1,7.5870000000000015,0.94143,Western Europe,0.41978,2015
Iceland,2.70201,1.30232,1.40223,0.6287699999999999,0.4363,2,7.561,0.94784,Western Europe,0.14145,2015
Denmark,2.4920400000000003,1.32548,1.36058,0.6493800000000001,0.34139,3,7.527,0.87464,Western Europe,0.48357,2015
Norway,2.46531,1.459,1.33095,0.66973,0.34699,4,7.522,0.88521,Western Europe,0.36503,2015
Canada,2.45176,1.32629,1.32261,0.63297,0.45811,5,7.427,0.90563,North America,0.32957,2015
Finland,2.61955,1.29025,1.31826,0.64169,0.23351,6,7.4060000000000015,0.8891100000000001,Western Europe,0.41372,2015
Netherlands,2.4657,1.32944,1.28017,0.6157600000000001,0.4761,7,7.377999999999999,0.89284,Western Europe,0.31814000000000003,2015
Sweden,2.3711900000000004,1.33171,1.2890700000000002,0.6598,0.36262,8,7.364,0.91087,Western Europe,0.43844,2015
New Zealand,2.26425,1.2501799999999998,1.31967,0.6393800000000001,0.47501,9,7.286,0.90837,Australia and New Zealand,0.42922,2015
Australia,2.26646,1.33358,1.30923,0.6512399999999999,0.43562,10,7.284,0.93156,Australia and New Zealand,0.35637,2015
Israel,3.08854,1.2285700000000002,1.22393,0.41319,0.33172,11,7.278,0.91387,Middle East and Northern Africa,0.07785,2015
Costa Rica,3.17728,0.95578,1.23788,0.63376,0.25497,12,7.226,0.8602700000000001,Latin America and Caribbean,0.10583,2015
Austria,2.5332,1.33723,1.29704,0.62433,0.33088,13,7.2,0.8904200000000001,Western Europe,0.18676,2015
Mexico,3.6021400000000003,1.02054,0.91451,0.48181,0.14074,14,7.187,0.8144399999999999,Latin America and Caribbean,0.21312,2015
United States,2.51011,1.39451,1.24711,0.54604,0.40105,15,7.119,0.86179,North America,0.1589,2015
Brazil,3.26001,0.98124,1.23287,0.49049,0.14574,16,6.983,0.69702,Latin America and Caribbean,0.17521,2015
Luxembourg,1.96961,1.56391,1.21963,0.61583,0.28034000000000003,17,6.9460000000000015,0.91894,Western Europe,0.37798,2015
Ireland,1.9757,1.33596,1.36948,0.6177699999999999,0.45901,18,6.94,0.89533,Western Europe,0.28703,2015
Belgium,2.4148400000000003,1.30782,1.28566,0.5845,0.2225,19,6.937,0.8966700000000001,Western Europe,0.2254,2015
United Arab Emirates,2.24743,1.42727,1.12575,0.64157,0.26428,20,6.901,0.80925,Middle East and Northern Africa,0.38583,2015
United Kingdom,1.96994,1.26637,1.28548,0.59625,0.51912,21,6.867000000000001,0.90943,Western Europe,0.32067,2015
Oman,2.4748900000000003,1.36011,1.08182,0.63274,0.21542,22,6.853,0.76276,Middle East and Northern Africa,0.32524000000000003,2015
Venezuela,3.19131,1.04424,1.25596,0.42908,0.05841,23,6.81,0.7205199999999999,Latin America and Caribbean,0.11069,2015
Singapore,1.88501,1.52186,1.02,0.54252,0.31105,24,6.797999999999999,1.02525,Southeastern Asia,0.4921,2015
Panama,2.84848,1.06353,1.1985,0.5421,0.24434,25,6.7860000000000005,0.79661,Latin America and Caribbean,0.0927,2015
Germany,2.1156900000000003,1.32792,1.29937,0.6147699999999999,0.28214,26,6.75,0.89186,Western Europe,0.21843,2015
Chile,2.67585,1.10715,1.12447,0.44132,0.33363000000000004,27,6.67,0.85857,Latin America and Caribbean,0.12869,2015
Qatar,1.55674,1.69042,1.0786,0.6404,0.32573,28,6.6110000000000015,0.79733,Middle East and Northern Africa,0.52208,2015
France,2.21126,1.27778,1.2603799999999998,0.55011,0.12332,29,6.575,0.94579,Western Europe,0.20646,2015
Argentina,2.8360000000000003,1.05351,1.24823,0.44974,0.11451,30,6.574,0.78723,Latin America and Caribbean,0.08484,2015
Czech Republic,2.67782,1.17898,1.20643,0.46364,0.10686,31,6.505,0.84483,Central and Eastern Europe,0.02652,2015
Uruguay,2.3214200000000003,1.06166,1.2089,0.6036199999999999,0.2324,32,6.485,0.8116,Latin America and Caribbean,0.24558,2015
Colombia,2.85737,0.91861,1.2401799999999998,0.53466,0.18401,33,6.477,0.69077,Latin America and Caribbean,0.0512,2015
Thailand,2.31945,0.9669,1.26504,0.5566399999999999,0.5763,34,6.455,0.7385,Southeastern Asia,0.03187,2015
Saudi Arabia,2.43872,1.39541,1.0839299999999998,0.31048000000000003,0.13706,35,6.4110000000000005,0.72025,Middle East and Northern Africa,0.32524000000000003,2015
Spain,2.12367,1.23011,1.31379,0.45951,0.18227,36,6.329,0.95562,Western Europe,0.06398,2015
Malta,1.6488,1.2074,1.30203,0.60365,0.51752,37,6.3020000000000005,0.88721,Western Europe,0.13585999999999998,2015
Taiwan,2.32323,1.29098,1.07617,0.3974,0.25376,38,6.297999999999999,0.8753,Eastern Asia,0.08129,2015
Kuwait,1.87634,1.5542200000000002,1.16594,0.55499,0.16228,39,6.295,0.72492,Middle East and Northern Africa,0.25609,2015
Suriname,2.79094,0.99534,0.972,0.5965699999999999,0.16990999999999998,40,6.269,0.6082,Latin America and Caribbean,0.13633,2015
Trinidad and Tobago,2.2688200000000003,1.21183,1.18354,0.55884,0.31844,41,6.167999999999998,0.61483,Latin America and Caribbean,0.0114,2015
El Salvador,3.035,0.76454,1.02507,0.4035,0.10692,42,6.13,0.67737,Latin America and Caribbean,0.11776,2015
Guatemala,2.74255,0.74553,1.04356,0.57733,0.27489,43,6.122999999999998,0.64425,Latin America and Caribbean,0.09472,2015
Uzbekistan,2.23741,0.63244,1.34043,0.6582100000000001,0.22837,44,6.002999999999999,0.59772,Central and Eastern Europe,0.30826,2015
Slovakia,2.2463900000000003,1.16891,1.26999,0.31751,0.16893,45,5.995,0.7890199999999999,Central and Eastern Europe,0.03431,2015
Japan,1.68435,1.27074,1.25712,0.49615,0.10705,46,5.987,0.99111,Eastern Asia,0.1806,2015
South Korea,2.21978,1.24461,0.95774,0.33208000000000004,0.18557,47,5.984,0.96538,Eastern Asia,0.07857,2015
Ecuador,2.53942,0.8640200000000001,0.99903,0.48574,0.11540999999999997,48,5.975,0.79075,Latin America and Caribbean,0.1809,2015
Bahrain,1.73797,1.32376,1.21624,0.45492,0.17362,49,5.96,0.74716,Middle East and Northern Africa,0.306,2015
Italy,2.02518,1.25114,1.19777,0.26236,0.22823,50,5.948,0.95446,Western Europe,0.02901,2015
Bolivia,2.82334,0.68133,0.97841,0.57414,0.20536,51,5.89,0.5392,Latin America and Caribbean,0.08800000000000001,2015
Moldova,3.10712,0.59448,1.01528,0.32818,0.20951,52,5.8889999999999985,0.61826,Central and Eastern Europe,0.01615,2015
Paraguay,2.18896,0.75985,1.30477,0.53899,0.3424,53,5.877999999999999,0.66098,Latin America and Caribbean,0.08242000000000001,2015
Kazakhstan,2.24729,1.12254,1.12241,0.51649,0.11827,54,5.855,0.64368,Central and Eastern Europe,0.08454,2015
Slovenia,1.61583,1.18498,1.27385,0.60855,0.25328,55,5.848,0.8733700000000001,Central and Eastern Europe,0.03787,2015
Lithuania,2.4464900000000003,1.14723,1.25745,0.21342,0.026410000000000003,56,5.832999999999998,0.73128,Central and Eastern Europe,0.01031,2015
Nicaragua,2.32407,0.59325,1.14184,0.55475,0.27815,57,5.8279999999999985,0.7431399999999999,Latin America and Caribbean,0.19317,2015
Peru,2.5945,0.9001899999999999,0.97459,0.4149600000000001,0.14982,58,5.824,0.73017,Latin America and Caribbean,0.05989,2015
Belarus,2.1309,1.0319200000000002,1.23289,0.37938,0.11046,59,5.813,0.7360800000000001,Central and Eastern Europe,0.1909,2015
Poland,1.86565,1.12555,1.27948,0.53122,0.16759000000000002,60,5.791,0.77903,Central and Eastern Europe,0.04212,2015
Malaysia,1.88541,1.12486,1.07023,0.5302399999999999,0.33075,61,5.77,0.7239399999999999,Southeastern Asia,0.10501,2015
Croatia,2.75414,1.08254,0.79624,0.25883,0.05444,62,5.759,0.78805,Central and Eastern Europe,0.0243,2015
Libya,2.09066,1.13145,1.1186200000000002,0.41668,0.18295,63,5.754,0.7038,Middle East and Northern Africa,0.11023,2015
Russia,2.27394,1.13764,1.23617,0.36679,0.00199,64,5.716,0.6692600000000001,Central and Eastern Europe,0.03005,2015
Jamaica,2.32038,0.81038,1.1510200000000002,0.50442,0.2123,65,5.709,0.6874100000000001,Latin America and Caribbean,0.02299,2015
North Cyprus,1.59888,1.20806,1.07008,0.49027,0.26169000000000003,66,5.695,0.92356,Western Europe,0.1428,2015
Cyprus,1.88931,1.20813,0.89318,0.40672,0.30638000000000004,67,5.689,0.92356,Western Europe,0.06146,2015
Algeria,2.43209,0.93929,1.07772,0.28579,0.07822,68,5.605,0.61766,Middle East and Northern Africa,0.17382999999999998,2015
Kosovo,2.76579,0.80148,0.81198,0.24749,0.2831,69,5.589,0.63132,Central and Eastern Europe,0.04741,2015
Turkmenistan,1.86984,0.95847,1.22668,0.4761,0.16979,70,5.547999999999999,0.53886,Central and Eastern Europe,0.30844,2015
Mauritius,1.76145,1.00761,0.98521,0.56066,0.37744,71,5.477,0.7095,Sub-Saharan Africa,0.07521,2015
Hong Kong,0.6542899999999999,1.38604,1.05818,0.59608,0.39478,72,5.474,1.01328,Eastern Asia,0.37124,2015
Estonia,1.58782,1.15174,1.22791,0.44888,0.0868,73,5.4289999999999985,0.77361,Central and Eastern Europe,0.15184,2015
Indonesia,1.86399,0.8282700000000001,1.0870799999999998,0.46611,0.51535,74,5.399,0.63793,Southeastern Asia,0.0,2015
Vietnam,2.20173,0.63216,0.91226,0.59444,0.1686,75,5.36,0.7467600000000001,Southeastern Asia,0.10441,2015
Turkey,2.08528,1.06098,0.94632,0.22815,0.12253,76,5.332000000000002,0.73172,Middle East and Northern Africa,0.15746,2015
Kyrgyzstan,2.2327,0.47428,1.15115,0.43477,0.3003,77,5.2860000000000005,0.65088,Central and Eastern Europe,0.04232,2015
Nigeria,2.89319,0.65435,0.90432,0.34334000000000003,0.27233,78,5.268,0.16007000000000002,Sub-Saharan Africa,0.0403,2015
Bhutan,1.63794,0.77042,1.10395,0.5320600000000001,0.47998,79,5.252999999999999,0.57407,Southern Asia,0.15445,2015
Azerbaijan,2.00073,1.02389,0.93793,0.3703,0.07799,80,5.2120000000000015,0.64045,Central and Eastern Europe,0.16065,2015
Pakistan,3.1070900000000004,0.59543,0.41411,0.12102,0.33671,81,5.194,0.51466,Southern Asia,0.10464,2015
Jordan,1.87996,0.90198,1.05392,0.40661,0.11053,82,5.192,0.69639,Middle East and Northern Africa,0.14293,2015
Montenegro,2.10017,0.97438,0.90557,0.1826,0.1614,82,5.192,0.72521,Central and Eastern Europe,0.14296,2015
China,1.8604,0.89012,0.94675,0.5169699999999999,0.08185,84,5.14,0.81658,Eastern Asia,0.02781,2015
Zambia,2.6343,0.47038,0.91612,0.48827,0.19591,85,5.129,0.29924,Sub-Saharan Africa,0.12468,2015
Romania,1.93129,1.04345,0.8858799999999999,0.35068,0.13748,86,5.124,0.7689,Central and Eastern Europe,0.006490000000000001,2015
Serbia,2.025,0.92053,1.00964,0.20107,0.19231,87,5.122999999999998,0.74836,Central and Eastern Europe,0.02617,2015
Portugal,1.26462,1.15991,1.13935,0.51469,0.13719,88,5.102,0.8751899999999999,Western Europe,0.01078,2015
Latvia,1.62215,1.11312,1.09562,0.29671,0.18226,89,5.098,0.72437,Central and Eastern Europe,0.06332,2015
Philippines,1.7536,0.70532,1.03516,0.62545,0.24991,90,5.073,0.58114,Southeastern Asia,0.12279,2015
Somaliland region,2.11032,0.18847,0.95152,0.46582,0.5031800000000001,91,5.057,0.43873,Sub-Saharan Africa,0.39928,2015
Morocco,2.45373,0.7347899999999999,0.64095,0.4169100000000001,0.07172,92,5.013,0.60954,Middle East and Northern Africa,0.08546000000000001,2015
Macedonia,1.7393299999999998,0.91851,1.00232,0.33457,0.22359,93,5.007,0.73545,Central and Eastern Europe,0.053270000000000005,2015
Mozambique,3.05137,0.08308,1.02626,0.34037,0.22269,94,4.971,0.09131,Sub-Saharan Africa,0.15603,2015
Albania,1.89894,0.8786700000000001,0.8043399999999999,0.35733000000000004,0.14272,95,4.959,0.81325,Central and Eastern Europe,0.06412999999999999,2015
Bosnia and Herzegovina,2.06367,0.8322299999999999,0.91916,0.09245,0.24808,96,4.949,0.79081,Central and Eastern Europe,0.00227,2015
Lesotho,2.79832,0.37545,1.04103,0.31767,0.16388,97,4.898,0.07612000000000001,Sub-Saharan Africa,0.12504,2015
Dominican Republic,1.21305,0.8953700000000001,1.17202,0.57672,0.21684,98,4.885,0.66825,Latin America and Caribbean,0.14234000000000002,2015
Laos,1.73799,0.5906600000000001,0.73803,0.59591,0.42192,99,4.876,0.54909,Southeastern Asia,0.24249,2015
Mongolia,1.34759,0.82819,1.3006,0.43626,0.3323,100,4.874,0.60268,Eastern Asia,0.026660000000000003,2015
Swaziland,2.48676,0.71206,1.07284,0.30658,0.18259,101,4.867,0.07566,Sub-Saharan Africa,0.0306,2015
Greece,1.8010099999999998,1.15406,0.92933,0.07699,0.0,102,4.857,0.88213,Western Europe,0.013969999999999998,2015
Lebanon,1.57059,1.02564,0.80001,0.33916,0.21854,103,4.839,0.83947,Middle East and Northern Africa,0.04582,2015
Hungary,1.24074,1.12094,1.20215,0.32112,0.128,104,4.8,0.75905,Central and Eastern Europe,0.02758,2015
Honduras,1.84408,0.59532,0.95348,0.40148,0.23027,105,4.788,0.6951,Latin America and Caribbean,0.06825,2015
Tajikistan,2.1139900000000003,0.39047,0.8556299999999999,0.47216,0.22974,106,4.7860000000000005,0.5737899999999999,Central and Eastern Europe,0.15072,2015
Tunisia,2.12466,0.88113,0.60429,0.26268,0.06431,107,4.739,0.73793,Middle East and Northern Africa,0.06358,2015
Palestinian Territories,2.0438400000000003,0.59867,0.92558,0.24499,0.11251,108,4.715,0.66015,Middle East and Northern Africa,0.12905,2015
Bangladesh,2.51767,0.39753,0.4310600000000001,0.4082,0.21222,109,4.694,0.60164,Southern Asia,0.12569,2015
Iran,1.6944,1.0088,0.54447,0.30033000000000004,0.38086,110,4.686,0.69805,Middle East and Northern Africa,0.05863,2015
Ukraine,1.5714,0.79907,1.20278,0.25123,0.15275,111,4.681,0.6739,Central and Eastern Europe,0.02961,2015
Iraq,1.95335,0.98549,0.81889,0.0,0.17922000000000002,112,4.677,0.60237,Middle East and Northern Africa,0.13788,2015
South Africa,1.7195599999999998,0.92049,1.18468,0.33207,0.11973,113,4.642,0.27688,Sub-Saharan Africa,0.08884,2015
Ghana,2.30919,0.5455800000000001,0.6795399999999999,0.42342,0.23087,114,4.633,0.40132,Sub-Saharan Africa,0.04355,2015
Zimbabwe,2.44191,0.271,1.03276,0.25861,0.18987,115,4.61,0.33475,Sub-Saharan Africa,0.08079,2015
Liberia,2.7772900000000003,0.0712,0.78968,0.28531,0.24362,116,4.5710000000000015,0.34201,Sub-Saharan Africa,0.062320000000000014,2015
India,2.27513,0.64499,0.38174,0.39786,0.26475,117,4.565,0.5152899999999999,Southern Asia,0.08492000000000001,2015
Sudan,2.20857,0.52107,1.01404,0.10081,0.19062,118,4.55,0.36878,Sub-Saharan Africa,0.1466,2015
Haiti,2.24173,0.26673,0.74302,0.24425,0.46187,119,4.518,0.38847,Latin America and Caribbean,0.17175,2015
Congo (Kinshasa),2.86712,0.0,1.0012,0.22605,0.24834,120,4.517,0.09806,Sub-Saharan Africa,0.07625,2015
Nepal,1.95637,0.35997,0.86449,0.38282,0.32296,121,4.5139999999999985,0.5687399999999999,Southern Asia,0.05907,2015
Ethiopia,2.44876,0.19073,0.60406,0.4345,0.24325,122,4.512,0.44055,Sub-Saharan Africa,0.15048,2015
Sierra Leone,2.51009,0.33024000000000003,0.95571,0.4084,0.21488,123,4.507,0.0,Sub-Saharan Africa,0.08786000000000001,2015
Mauritania,2.11773,0.45407,0.86908,0.24232,0.219,124,4.436,0.35874,Sub-Saharan Africa,0.17461,2015
Kenya,1.78555,0.36471,0.99876,0.42215,0.37542,125,4.419,0.41435,Sub-Saharan Africa,0.05839,2015
Djibouti,2.05125,0.44025,0.59207,0.46074,0.18093,126,4.369,0.36291,Sub-Saharan Africa,0.28105,2015
Armenia,1.75873,0.7682100000000001,0.7771100000000001,0.19847,0.07855,127,4.35,0.7299,Central and Eastern Europe,0.039,2015
Botswana,1.46181,0.99355,1.10464,0.49495,0.10461,128,4.332,0.04776,Sub-Saharan Africa,0.12474,2015
Myanmar,1.41805,0.27108000000000004,0.70905,0.44017,0.79588,129,4.307,0.4824600000000001,Southeastern Asia,0.19034,2015
Georgia,1.59541,0.7419,0.38562,0.40577,0.055470000000000005,130,4.297,0.72926,Central and Eastern Europe,0.38331,2015
Malawi,2.80791,0.016040000000000002,0.41134,0.43054,0.33128,131,4.292,0.22562,Sub-Saharan Africa,0.06977,2015
Sri Lanka,0.67108,0.83524,1.01905,0.5372600000000001,0.40828,132,4.271,0.70806,Southern Asia,0.09179,2015
Cameroon,1.95071,0.4225,0.8876700000000001,0.49309,0.20618000000000006,133,4.252,0.23402,Sub-Saharan Africa,0.05786,2015
Bulgaria,0.89991,1.01216,1.10614,0.30587,0.11921,134,4.218,0.76649,Central and Eastern Europe,0.00872,2015
Egypt,1.59927,0.8818,0.747,0.17288,0.11291,135,4.194,0.61712,Middle East and Northern Africa,0.06324,2015
Yemen,1.92313,0.5464899999999999,0.68093,0.35571,0.09131,136,4.077,0.40064,Middle East and Northern Africa,0.07854,2015
Angola,1.94939,0.75778,0.8604,0.10384000000000003,0.12344,137,4.033,0.16683,Sub-Saharan Africa,0.07122,2015
Mali,1.79293,0.26074,1.03526,0.38857,0.18798,138,3.995,0.20583,Sub-Saharan Africa,0.12352,2015
Congo (Brazzaville),1.68135,0.67866,0.6629,0.41466,0.12388,139,3.989,0.31051,Sub-Saharan Africa,0.11686,2015
Comoros,1.95812,0.23906,0.79273,0.22917,0.17440999999999998,140,3.956,0.36315,Sub-Saharan Africa,0.199,2015
Uganda,1.42766,0.21102,1.13299,0.45727,0.29066,141,3.931,0.33861,Sub-Saharan Africa,0.07267,2015
Senegal,1.44395,0.36498,0.97619,0.36772,0.20843000000000006,142,3.904,0.4354,Sub-Saharan Africa,0.10713,2015
Gabon,0.99895,1.06024,0.90528,0.31914000000000003,0.06822,143,3.896,0.43372,Sub-Saharan Africa,0.11091,2015
Niger,1.87877,0.0694,0.77265,0.47692,0.19387,144,3.845,0.29707,Sub-Saharan Africa,0.15639,2015
Cambodia,0.98195,0.46038,0.62736,0.66246,0.40359,145,3.819,0.61114,Southeastern Asia,0.07247,2015
Tanzania,1.38079,0.2852,1.00268,0.32878,0.34377,146,3.781,0.38215,Sub-Saharan Africa,0.057470000000000014,2015
Madagascar,1.851,0.20824,0.66801,0.19184,0.21333,147,3.681,0.46721,Sub-Saharan Africa,0.08123999999999999,2015
Central African Republic,2.7223,0.0785,0.0,0.48879,0.23835,148,3.678,0.06699,Sub-Saharan Africa,0.08288999999999999,2015
Chad,1.94296,0.34193,0.76062,0.23501,0.18386,149,3.667,0.1501,Sub-Saharan Africa,0.05269,2015
Guinea,1.99172,0.17417,0.46475,0.37725,0.28657,150,3.656,0.24009,Sub-Saharan Africa,0.12139,2015
Ivory Coast,1.41723,0.46534,0.77115,0.46866,0.20165,151,3.655,0.15185,Sub-Saharan Africa,0.17922000000000002,2015
Burkina Faso,1.46494,0.25812,0.85188,0.39493,0.21747,152,3.587,0.27125,Sub-Saharan Africa,0.12832000000000002,2015
Afghanistan,1.9521,0.31982,0.30285,0.23414,0.3651,153,3.575,0.30335,Southern Asia,0.09719,2015
Rwanda,0.67042,0.22208000000000006,0.7737,0.59201,0.22628,154,3.465,0.42864,Sub-Saharan Africa,0.55191,2015
Benin,1.6332799999999998,0.28665,0.35386,0.4845,0.1826,155,3.34,0.3191,Sub-Saharan Africa,0.0801,2015
Syria,0.32858000000000004,0.6632,0.47489,0.15684,0.47179,156,3.006,0.7219300000000001,Middle East and Northern Africa,0.18906,2015
Burundi,1.83302,0.0153,0.41587,0.1185,0.19727,157,2.905,0.22396,Sub-Saharan Africa,0.10062,2015
Togo,1.56726,0.20868,0.13995,0.36453,0.16681,158,2.839,0.28443,Sub-Saharan Africa,0.10731,2015
Denmark,2.73939,1.4417799999999998,1.16374,0.5794100000000001,0.36171,1,7.526,0.79504,Western Europe,0.44453,2016
Switzerland,2.69463,1.52733,1.14524,0.58557,0.28083,2,7.508999999999999,0.86303,Western Europe,0.41203,2016
Iceland,2.83137,1.42666,1.18326,0.56624,0.47678,3,7.501,0.8673299999999999,Western Europe,0.14975,2016
Norway,2.66465,1.57744,1.1269,0.59609,0.37895,4,7.497999999999998,0.79579,Western Europe,0.35776,2016
Finland,2.82596,1.40598,1.13464,0.57104,0.25492,5,7.4129999999999985,0.81091,Western Europe,0.41004,2016
Canada,2.70485,1.44015,1.0961,0.5737,0.44834,6,7.404,0.8276,North America,0.31329,2016
Netherlands,2.70749,1.46468,1.02912,0.55211,0.47416,7,7.338999999999999,0.8123100000000001,Western Europe,0.29927,2016
New Zealand,2.47553,1.36066,1.17278,0.5814699999999999,0.4940100000000001,8,7.334,0.83096,Australia and New Zealand,0.41904,2016
Australia,2.5465,1.44443,1.10476,0.5683699999999999,0.47407,9,7.313,0.8512,Australia and New Zealand,0.32331,2016
Sweden,2.54734,1.45181,1.08764,0.58218,0.38254,10,7.291,0.83121,Western Europe,0.40867,2016
Israel,3.31029,1.33766,0.99537,0.36432,0.32288,11,7.267,0.8491700000000001,Middle East and Northern Africa,0.08728,2016
Austria,2.69343,1.45038,1.0838299999999998,0.54355,0.32865,12,7.119,0.80565,Western Europe,0.21348000000000006,2016
United States,2.72782,1.50796,1.04782,0.48163,0.41077,13,7.104,0.779,North America,0.14868,2016
Costa Rica,3.3516800000000004,1.06879,1.02152,0.55225,0.22553,14,7.0870000000000015,0.76146,Latin America and Caribbean,0.10547,2016
Puerto Rico,3.0076,1.35943,1.08113,0.46823,0.22202,15,7.039,0.77758,Latin America and Caribbean,0.12275,2016
Germany,2.50931,1.44787,1.09774,0.53466,0.30452,16,6.994,0.81487,Western Europe,0.28551,2016
Brazil,3.5073300000000005,1.08754,1.03938,0.40425,0.15775999999999998,17,6.952000000000001,0.61415,Latin America and Caribbean,0.14165999999999998,2016
Belgium,2.61355,1.42539,1.05249,0.51354,0.2424,18,6.9289999999999985,0.8195899999999999,Western Europe,0.26248,2016
Ireland,2.15988,1.48341,1.16157,0.54008,0.44963,19,6.907,0.81455,Western Europe,0.29754,2016
Luxembourg,2.11055,1.69752,1.03999,0.5487,0.27571,20,6.871,0.8454200000000001,Western Europe,0.35329,2016
Mexico,3.55906,1.1150799999999998,0.7146,0.37709,0.11735,21,6.778,0.71143,Latin America and Caribbean,0.18355,2016
Singapore,1.99375,1.64555,0.8675799999999999,0.4877,0.32706,22,6.739,0.94719,Southeastern Asia,0.46987,2016
United Kingdom,2.1499900000000003,1.40283,1.08672,0.50036,0.50156,23,6.725,0.80991,Western Europe,0.27399,2016
Chile,2.95505,1.2167,0.90587,0.37789,0.31595,24,6.705,0.8188300000000001,Latin America and Caribbean,0.11451,2016
Panama,3.00559,1.18306,0.98912,0.48927,0.2418,25,6.7010000000000005,0.70835,Latin America and Caribbean,0.08423,2016
Argentina,3.12985,1.15137,1.0661200000000002,0.42284,0.10989000000000003,26,6.65,0.69711,Latin America and Caribbean,0.07296,2016
Czech Republic,2.96211,1.30915,1.00793,0.41418,0.09929,27,6.596,0.76376,Central and Eastern Europe,0.03986,2016
United Arab Emirates,2.21507,1.57352,0.8711399999999999,0.56215,0.26591,28,6.573,0.72993,Middle East and Northern Africa,0.35561,2016
Uruguay,2.67139,1.18157,1.0314299999999998,0.54388,0.18056,29,6.545,0.72183,Latin America and Caribbean,0.21394,2016
Malta,1.99032,1.30782,1.09879,0.54994,0.56237,30,6.488,0.80315,Western Europe,0.17554,2016
Colombia,3.17471,1.03032,1.02169,0.44735,0.15625999999999998,31,6.481,0.59659,Latin America and Caribbean,0.05399,2016
France,2.4744,1.39488,1.00508,0.46562,0.1216,32,6.478,0.83795,Western Europe,0.17808,2016
Thailand,2.5796,1.0893,1.04477,0.49553,0.58696,33,6.474,0.64915,Southeastern Asia,0.02833,2016
Saudi Arabia,2.61482,1.48953,0.84829,0.37904,0.15457,34,6.379,0.59267,Middle East and Northern Africa,0.30008,2016
Taiwan,2.61523,1.39729,0.92624,0.32377,0.25495,34,6.379,0.79565,Eastern Asia,0.0663,2016
Qatar,1.58224,1.82427,0.87964,0.56679,0.32388,36,6.375,0.71723,Middle East and Northern Africa,0.48049,2016
Spain,2.39663,1.34253,1.12945,0.37545,0.17665,37,6.3610000000000015,0.8789600000000001,Western Europe,0.061370000000000015,2016
Algeria,3.40904,1.05266,0.83309,0.21006,0.07044,38,6.355,0.6180399999999999,Middle East and Northern Africa,0.16157,2016
Guatemala,3.19863,0.83454,0.8711899999999999,0.50379,0.28808,39,6.324,0.5403899999999999,Latin America and Caribbean,0.08701,2016
Suriname,3.06852,1.09686,0.77866,0.5223399999999999,0.16665,40,6.269,0.5093300000000001,Latin America and Caribbean,0.12692,2016
Kuwait,2.28085,1.61714,0.8775799999999999,0.43166,0.15965,41,6.239,0.63569,Middle East and Northern Africa,0.23669,2016
Bahrain,2.27405,1.44024,0.94397,0.47375,0.17147,42,6.218,0.65696,Middle East and Northern Africa,0.25772,2016
Trinidad and Tobago,2.5139400000000003,1.32572,0.98569,0.48453,0.31935,43,6.167999999999998,0.52608,Latin America and Caribbean,0.01241,2016
Venezuela,2.97468,1.1336700000000002,1.03302,0.19847,0.0425,44,6.084,0.6190399999999999,Latin America and Caribbean,0.08304,2016
Slovakia,2.61065,1.27973,1.08268,0.23391,0.13837,45,6.0779999999999985,0.70367,Central and Eastern Europe,0.02947,2016
El Salvador,3.22134,0.8737,0.80975,0.37269,0.08877,46,6.068,0.596,Latin America and Caribbean,0.10613,2016
Malaysia,2.35384,1.25142,0.88025,0.39031,0.41474,47,6.005,0.62366,Southeastern Asia,0.09081,2016
Nicaragua,2.82428,0.69384,0.8952100000000001,0.46582,0.29773,48,5.992000000000001,0.65213,Latin America and Caribbean,0.16292,2016
Uzbekistan,2.34638,0.7359100000000001,1.1681,0.60848,0.34326,49,5.987,0.50163,Central and Eastern Europe,0.28333,2016
Italy,2.34918,1.35495,1.04167,0.18827,0.16684000000000002,50,5.977,0.8510200000000001,Western Europe,0.02556,2016
Ecuador,2.77366,0.97306,0.85974,0.4027,0.10074,51,5.976,0.68613,Latin America and Caribbean,0.18037,2016
Belize,3.08039,0.87616,0.68655,0.51231,0.23684,52,5.956,0.45569,Latin America and Caribbean,0.10771,2016
Japan,1.80584,1.38007,1.06054,0.46761,0.10224,53,5.921,0.91491,Eastern Asia,0.18985,2016
Kazakhstan,2.49325,1.22943,0.95544,0.4052,0.15011,54,5.919,0.57386,Central and Eastern Europe,0.11132,2016
Moldova,3.38007,0.69177,0.8313200000000001,0.25202,0.19997,55,5.897,0.5230899999999999,Central and Eastern Europe,0.01903,2016
Russia,2.59115,1.2322799999999998,1.05261,0.32682,0.02736,56,5.856,0.58991,Central and Eastern Europe,0.03586,2016
Poland,2.20035,1.24585,1.04685,0.4519,0.14443,57,5.835,0.69058,Central and Eastern Europe,0.055,2016
South Korea,2.35015,1.35948,0.7219399999999999,0.25168,0.18824,57,5.835,0.88645,Eastern Asia,0.07716,2016
Bolivia,2.91635,0.79422,0.8377899999999999,0.50961,0.21698,59,5.822,0.4697,Latin America and Caribbean,0.07746,2016
Lithuania,2.60525,1.2692,1.06411,0.18929,0.02025,60,5.813,0.64674,Central and Eastern Europe,0.0182,2016
Belarus,2.3858200000000003,1.1306200000000002,1.04993,0.29091,0.13942000000000002,61,5.8020000000000005,0.6310399999999999,Central and Eastern Europe,0.17457,2016
North Cyprus,1.93447,1.31141,0.81826,0.43596,0.26322,62,5.771,0.8414200000000001,Western Europe,0.16577999999999998,2016
Slovenia,1.79522,1.29947,1.05613,0.53164,0.25738,63,5.768,0.79151,Central and Eastern Europe,0.03635,2016
Peru,2.73117,0.99602,0.81255,0.37502,0.14527,64,5.7429999999999986,0.6299399999999999,Latin America and Caribbean,0.05292,2016
Turkmenistan,2.21489,1.08017,1.03817,0.37408,0.22567,65,5.658,0.4400600000000001,Central and Eastern Europe,0.28467,2016
Mauritius,2.20223,1.14372,0.75695,0.46145,0.36951,66,5.648,0.66189,Sub-Saharan Africa,0.052029999999999986,2016
Libya,2.39374,1.0668799999999998,0.95076,0.40672,0.17087,67,5.615,0.52304,Middle East and Northern Africa,0.10339,2016
Latvia,2.20859,1.21788,0.95025,0.27996,0.17445,68,5.56,0.63952,Central and Eastern Europe,0.0889,2016
Cyprus,2.04497,1.31857,0.70697,0.29507,0.27906,69,5.546,0.8488,Western Europe,0.052279999999999986,2016
Paraguay,2.16091,0.8937299999999999,1.11111,0.46235,0.25296,70,5.5379999999999985,0.58295,Latin America and Caribbean,0.07396,2016
Romania,2.45184,1.1697,0.7280300000000001,0.36712,0.12889,71,5.528,0.67602,Central and Eastern Europe,0.006790000000000001,2016
Estonia,1.81985,1.27964,1.0516299999999998,0.41511,0.08423,72,5.517,0.68098,Central and Eastern Europe,0.18519,2016
Jamaica,2.35682,0.89333,0.96372,0.43597,0.22245,73,5.51,0.5946899999999999,Latin America and Caribbean,0.04294,2016
Croatia,2.52462,1.18649,0.6080899999999999,0.23907,0.18434,74,5.488,0.70524,Central and Eastern Europe,0.04002,2016
Hong Kong,0.92614,1.5107,0.87021,0.48079,0.40097,75,5.457999999999998,0.95277,Eastern Asia,0.31647,2016
Somalia,3.83772,0.0,0.33613000000000004,0.5677800000000001,0.27225,76,5.44,0.11465999999999997,Sub-Saharan Africa,0.3118,2016
Kosovo,2.80998,0.90145,0.66062,0.14396,0.27992,77,5.401,0.54,Central and Eastern Europe,0.06547,2016
Turkey,2.29074,1.1649200000000002,0.8771700000000001,0.23889,0.04707,78,5.3889999999999985,0.64718,Middle East and Northern Africa,0.12348,2016
Indonesia,2.03171,0.95104,0.87625,0.39237,0.56521,79,5.314,0.49374,Southeastern Asia,0.00322,2016
Jordan,2.20142,0.99673,0.86216,0.36023,0.14262,80,5.303,0.60712,Middle East and Northern Africa,0.13297,2016
Azerbaijan,2.2735,1.12373,0.76042,0.35327,0.0564,81,5.291,0.54504,Central and Eastern Europe,0.17914000000000002,2016
Philippines,2.23484,0.81217,0.87877,0.5485399999999999,0.21674,82,5.279,0.4703600000000001,Southeastern Asia,0.11757,2016
China,2.17087,1.0278,0.79381,0.44012,0.04959,83,5.245,0.73561,Eastern Asia,0.02745,2016
Bhutan,1.82916,0.8527,0.90836,0.46074,0.4854600000000001,84,5.1960000000000015,0.49759,Southern Asia,0.1616,2016
Kyrgyzstan,2.28136,0.5604399999999999,0.95434,0.40212,0.38432,85,5.185,0.5544899999999999,Central and Eastern Europe,0.04762,2016
Serbia,2.27539,1.03437,0.81329,0.15718,0.20737,86,5.1770000000000005,0.6458,Central and Eastern Europe,0.04339,2016
Bosnia and Herzegovina,2.48406,0.93383,0.64367,0.09511,0.29889,87,5.1629999999999985,0.7076600000000001,Central and Eastern Europe,0.0,2016
Montenegro,2.25531,1.07838,0.74173,0.15111,0.17190999999999998,88,5.1610000000000005,0.6353300000000001,Central and Eastern Europe,0.12721,2016
Dominican Republic,1.69626,1.02787,0.99496,0.52259,0.21286,89,5.155,0.5766899999999999,Latin America and Caribbean,0.12372,2016
Morocco,2.94891,0.8405799999999999,0.38595,0.25646,0.04053,90,5.151,0.5947100000000001,Middle East and Northern Africa,0.08404,2016
Hungary,1.95473,1.24142,0.93164,0.1977,0.099,91,5.145,0.67608,Central and Eastern Europe,0.04472,2016
Pakistan,3.18286,0.68816,0.26135,0.14622000000000002,0.31185,92,5.1320000000000014,0.40306,Southern Asia,0.1388,2016
Lebanon,2.0733900000000003,1.12268,0.64184,0.26228,0.23693000000000006,93,5.129,0.76171,Middle East and Northern Africa,0.03061,2016
Portugal,1.53015,1.27607,0.94367,0.44727,0.11691,94,5.122999999999998,0.7936300000000001,Western Europe,0.01521,2016
Macedonia,2.08947,1.0193,0.78236,0.27668000000000004,0.23507,95,5.121,0.6473800000000001,Central and Eastern Europe,0.07047,2016
Vietnam,1.9418,0.74037,0.7911699999999999,0.5595399999999999,0.25075,96,5.061,0.66157,Southeastern Asia,0.11556,2016
Somaliland Region,2.43801,0.25558000000000003,0.75862,0.3913,0.51479,97,5.057,0.33108000000000004,Sub-Saharan Africa,0.36794,2016
Tunisia,2.68413,0.97724,0.43165,0.23553,0.03936,98,5.045,0.59577,Middle East and Northern Africa,0.0817,2016
Greece,2.12944,1.24886,0.75473,0.058220000000000015,0.0,99,5.033,0.80029,Western Europe,0.04127,2016
Tajikistan,2.39106,0.48835,0.75602,0.43408,0.25998000000000004,100,4.996,0.5311899999999999,Central and Eastern Europe,0.13509000000000002,2016
Mongolia,1.53586,0.98853,1.08983,0.35972,0.34539000000000003,101,4.907,0.55469,Eastern Asia,0.03285,2016
Laos,2.08637,0.68042,0.5497,0.52168,0.43079,102,4.876,0.38291,Southeastern Asia,0.22423,2016
Nigeria,2.88586,0.75216,0.64498,0.27854,0.23219,103,4.875,0.05108,Sub-Saharan Africa,0.0305,2016
Honduras,2.29551,0.69429,0.7559600000000001,0.26755,0.2044,104,4.871,0.5838300000000001,Latin America and Caribbean,0.06906,2016
Iran,1.99817,1.11758,0.38857,0.22544,0.38538,105,4.813,0.64232,Middle East and Northern Africa,0.0557,2016
Zambia,2.58991,0.61202,0.6376,0.42662,0.17866,106,4.795,0.23573,Sub-Saharan Africa,0.11479,2016
Nepal,2.32694,0.4462600000000001,0.69699,0.37012,0.3816,107,4.793,0.50073,Southern Asia,0.07007999999999999,2016
Palestinian Territories,2.40364,0.67024,0.71629,0.17744,0.11154,108,4.754,0.56844,Middle East and Northern Africa,0.10613,2016
Albania,1.92816,0.9553,0.50163,0.31866,0.1684,109,4.655,0.73007,Central and Eastern Europe,0.05301,2016
Bangladesh,2.60904,0.54177,0.24749,0.39778,0.19132,110,4.643,0.52989,Southern Asia,0.12583,2016
Sierra Leone,3.01402,0.36485,0.628,0.30685,0.23897,111,4.635,0.0,Sub-Saharan Africa,0.08196,2016
Iraq,1.81657,1.07474,0.59205,0.24856,0.19589,112,4.575,0.51076,Middle East and Northern Africa,0.13635999999999998,2016
Namibia,1.92198,0.93287,0.70362,0.48614,0.07795,113,4.574,0.34745,Sub-Saharan Africa,0.10398,2016
Cameroon,2.5198,0.5249699999999999,0.62542,0.42736,0.2268,114,4.513,0.12697999999999998,Sub-Saharan Africa,0.06126,2016
Ethiopia,2.65614,0.29283000000000003,0.37932,0.36703,0.29522,115,4.508,0.34578000000000003,Sub-Saharan Africa,0.1717,2016
South Africa,1.64227,1.02416,0.96053,0.42483,0.13656,116,4.459,0.18611,Sub-Saharan Africa,0.08415,2016
Sri Lanka,0.91681,0.97318,0.84783,0.50817,0.46978,117,4.415,0.62007,Southern Asia,0.07964,2016
India,2.18032,0.74036,0.29247,0.40285,0.25028,118,4.404,0.45091,Southern Asia,0.08722,2016
Myanmar,1.50655,0.34112,0.69981,0.42692,0.81971,119,4.395,0.3988,Southeastern Asia,0.20243,2016
Egypt,1.96895,0.95395,0.49813,0.18847,0.12705999999999998,120,4.362,0.5211600000000001,Middle East and Northern Africa,0.10393,2016
Armenia,1.97864,0.8608600000000001,0.6247699999999999,0.14037,0.07793,121,4.36,0.64083,Central and Eastern Europe,0.036160000000000005,2016
Kenya,1.88326,0.52267,0.7624,0.40576,0.41328,122,4.356,0.30147,Sub-Saharan Africa,0.06686,2016
Ukraine,1.50066,0.87287,1.01413,0.12859,0.20363,123,4.324,0.58628,Central and Eastern Europe,0.01829,2016
Ghana,2.2002,0.63107,0.49353,0.40973,0.21203,124,4.276,0.29681,Sub-Saharan Africa,0.0326,2016
Congo (Kinshasa),2.7492400000000004,0.05661,0.80676,0.15602,0.25458000000000003,125,4.272,0.188,Sub-Saharan Africa,0.06075,2016
Georgia,1.87031,0.8379200000000001,0.19249,0.32461,0.06786,126,4.252,0.64035,Central and Eastern Europe,0.3188,2016
Congo (Brazzaville),2.10681,0.7710899999999999,0.47799,0.37938,0.12077,127,4.2360000000000015,0.28212,Sub-Saharan Africa,0.09753,2016
Senegal,1.97861,0.44314,0.7741600000000001,0.31056,0.19103,128,4.2189999999999985,0.40457,Sub-Saharan Africa,0.11681,2016
Bulgaria,1.15377,1.11306,0.92542,0.21219,0.12793,129,4.217,0.67806,Central and Eastern Europe,0.00615,2016
Mauritania,1.9263,0.6139100000000001,0.8414200000000001,0.1268,0.22686,130,4.2010000000000005,0.28639000000000003,Sub-Saharan Africa,0.17955,2016
Zimbabwe,2.4427,0.35041,0.71478,0.25429,0.18503,131,4.1930000000000005,0.1595,Sub-Saharan Africa,0.08582000000000001,2016
Malawi,2.82859,0.08709,0.147,0.4143,0.30968,132,4.1560000000000015,0.29364,Sub-Saharan Africa,0.07564,2016
Sudan,2.10995,0.63069,0.8192799999999999,0.0,0.18077,133,4.1389999999999985,0.29759,Sub-Saharan Africa,0.10039,2016
Gabon,1.4533200000000002,1.15851,0.72368,0.28098,0.06244,134,4.121,0.3494,Sub-Saharan Africa,0.09314,2016
Mali,2.11087,0.31292,0.8633299999999999,0.27544,0.21064,135,4.073,0.16347,Sub-Saharan Africa,0.13647,2016
Haiti,2.37116,0.34097,0.29561,0.12072,0.47958,136,4.0280000000000005,0.27494,Latin America and Caribbean,0.14476,2016
Botswana,0.96741,1.09426,0.89186,0.44089,0.12425,137,3.974,0.34752,Sub-Saharan Africa,0.10769,2016
Comoros,2.25632,0.27509,0.60323,0.15412,0.1827,138,3.956,0.29981,Sub-Saharan Africa,0.18437,2016
Ivory Coast,1.97478,0.55507,0.57576,0.40663,0.20338,139,3.916,0.04476,Sub-Saharan Africa,0.1553,2016
Cambodia,1.3157299999999998,0.55604,0.5375,0.5885199999999999,0.40339,140,3.907,0.42494,Southeastern Asia,0.08092,2016
Angola,2.09459,0.84731,0.66366,0.00589,0.12070999999999997,141,3.866,0.04991,Sub-Saharan Africa,0.08434,2016
Niger,2.09469,0.1327,0.6053,0.38041,0.2097,142,3.856,0.26162,Sub-Saharan Africa,0.17176,2016
South Sudan,2.50929,0.39394,0.18519,0.19662,0.25899,143,3.832,0.15780999999999998,Sub-Saharan Africa,0.13015,2016
Chad,2.3063700000000003,0.42214,0.63178,0.12807000000000002,0.18667,144,3.763,0.03824,Sub-Saharan Africa,0.04952,2016
Burkina Faso,1.87319,0.31995,0.63054,0.3337,0.24353,145,3.739,0.21297,Sub-Saharan Africa,0.12533,2016
Uganda,1.51416,0.34719,0.90981,0.43653,0.27102,145,3.739,0.19625,Sub-Saharan Africa,0.06442,2016
Yemen,1.97295,0.57939,0.47493,0.2287,0.09821,147,3.724,0.31048000000000003,Middle East and Northern Africa,0.058920000000000014,2016
Madagascar,2.15075,0.27954,0.46115,0.13684000000000002,0.2204,148,3.695,0.37109,Sub-Saharan Africa,0.07506,2016
Tanzania,1.37769,0.47155,0.77623,0.3176,0.31472,149,3.666,0.35700000000000004,Sub-Saharan Africa,0.05099,2016
Liberia,2.23284,0.10706,0.50353,0.25748000000000004,0.24063,150,3.622,0.23165,Sub-Saharan Africa,0.04852,2016
Guinea,2.15604,0.22415,0.3109,0.30953,0.29914,151,3.607,0.18829,Sub-Saharan Africa,0.1192,2016
Rwanda,0.96819,0.32846,0.6158600000000001,0.5432,0.23552,152,3.515,0.31865,Sub-Saharan Africa,0.50521,2016
Benin,2.10812,0.39499,0.10419,0.39747,0.2018,153,3.484,0.21028,Sub-Saharan Africa,0.06681000000000001,2016
Afghanistan,2.14558,0.38227,0.11037,0.1643,0.31268,154,3.36,0.17344,Southern Asia,0.07112,2016
Togo,2.1354,0.28123000000000004,0.0,0.34678000000000003,0.17517,155,3.303,0.24811,Sub-Saharan Africa,0.11587,2016
Syria,0.81789,0.7471899999999999,0.14866,0.06912,0.48397,156,3.069,0.6299399999999999,Middle East and Northern Africa,0.17232999999999998,2016
Burundi,2.1040400000000004,0.06831,0.23442,0.0432,0.2029,157,2.905,0.15747,Sub-Saharan Africa,0.09419,2016
Norway,2.27702665328979,1.61646318435669,1.53352355957031,0.635422587394714,0.36201223731041,1,7.537000179290769,0.796666502952576,Western Europe,0.31596383452415505,2017
Denmark,2.31370735168457,1.48238301277161,1.55112159252167,0.626006722450256,0.3552804887294771,2,7.52199983596802,0.7925655245780941,Western Europe,0.40077006816864,2017
Iceland,2.32271528244019,1.480633020401,1.6105740070343,0.6271626353263849,0.475540220737457,3,7.50400018692017,0.8335521221160892,Western Europe,0.15352655947208402,2017
Switzerland,2.2767162322998,1.5649795532226598,1.51691174507141,0.620070576667786,0.29054927825927696,4,7.49399995803833,0.858131289482117,Western Europe,0.3670072853565221,2017
Finland,2.4301815032959,1.44357192516327,1.5402467250824,0.6179508566856379,0.24548277258873,5,7.468999862670901,0.80915766954422,Western Europe,0.38261154294014,2017
Netherlands,2.29480409622192,1.50394463539124,1.42893922328949,0.5853844881057739,0.470489829778671,6,7.3769998550415,0.8106961250305179,Western Europe,0.282661825418472,2017
Canada,2.18726444244385,1.47920441627502,1.48134899139404,0.611100912094116,0.435539722442627,7,7.31599998474121,0.83455765247345,North America,0.287371516227722,2017
New Zealand,2.0464563369751,1.40570604801178,1.54819512367249,0.6140621304512021,0.500005125999451,8,7.31400012969971,0.816759705543518,Australia and New Zealand,0.38281670212745705,2017
Sweden,2.09753799438477,1.49438726902008,1.47816216945648,0.612924098968506,0.38539925217628496,9,7.28399991989136,0.830875158309937,Western Europe,0.384398728609085,2017
Australia,2.06521081924438,1.4844149351120002,1.5100419521331798,0.601607382297516,0.477699249982834,10,7.28399991989136,0.84388679265976,Australia and New Zealand,0.301183730363846,2017
Israel,2.80175733566284,1.3753824234008798,1.37628996372223,0.405988603830338,0.330082654953003,11,7.212999820709231,0.83840399980545,Middle East and Northern Africa,0.0852421000599861,2017
Costa Rica,2.89863920211792,1.10970628261566,1.4164036512374898,0.580131649971008,0.21461322903633104,12,7.0789999961853,0.7595092654228209,Latin America and Caribbean,0.100106589496136,2017
Austria,2.1385064125061004,1.48709726333618,1.4599449634552,0.567766189575195,0.316472321748734,13,7.00600004196167,0.8153284192085269,Western Europe,0.22106036543846105,2017
United States,2.2181134223938,1.54625928401947,1.4199205636978105,0.505740523338318,0.392578780651093,14,6.993000030517581,0.7742866277694699,North America,0.135638788342476,2017
Ireland,1.77386903762817,1.5357066392898602,1.55823111534119,0.5731103420257571,0.42785832285881,15,6.977000236511231,0.8097826242446899,Western Europe,0.2983881533145901,2017
Germany,2.01576995849609,1.48792338371277,1.47252035140991,0.562511384487152,0.33626917004585305,16,6.9510002136230495,0.798950731754303,Western Europe,0.276731938123703,2017
Belgium,2.12421035766602,1.46378076076508,1.4623126983642598,0.5397707223892211,0.23150333762168895,17,6.89099979400635,0.8180918693542479,Western Europe,0.251343131065369,2017
Luxembourg,1.61951208114624,1.74194359779358,1.45758366584778,0.59662789106369,0.283180981874466,18,6.86299991607666,0.845089495182037,Western Europe,0.31883442401886,2017
United Kingdom,1.70414352416992,1.44163393974304,1.4964600801467902,0.508190035820007,0.492774158716202,19,6.71400022506714,0.805335938930511,Western Europe,0.265428066253662,2017
Chile,2.50958585739136,1.25278460979462,1.28402495384216,0.376895278692245,0.3266624212265011,20,6.65199995040894,0.8194797039031979,Latin America and Caribbean,0.0822879821062088,2017
United Arab Emirates,1.734703540802,1.6263433694839498,1.26641023159027,0.60834527015686,0.3609419465065,21,6.6479997634887695,0.726798236370087,Middle East and Northern Africa,0.324489563703537,2017
Brazil,2.7692670822143595,1.10735321044922,1.43130600452423,0.437453746795654,0.16234989464282998,22,6.63500022888184,0.6165523529052729,Latin America and Caribbean,0.111092761158943,2017
Czech Republic,2.45186185836792,1.35268235206604,1.43388521671295,0.490946173667908,0.0881067588925362,23,6.60900020599365,0.754444003105164,Central and Eastern Europe,0.0368729270994663,2017
Argentina,2.61400532722473,1.18529546260834,1.44045114517212,0.4945192039012911,0.109457060694695,24,6.59899997711182,0.695137083530426,Latin America and Caribbean,0.059739887714385986,2017
Mexico,2.8371548652648904,1.15318381786346,1.210862159729,0.412730008363724,0.120990432798862,25,6.57800006866455,0.709978997707367,Latin America and Caribbean,0.132774114608765,2017
Singapore,1.21636199951172,1.69227766990662,1.35381436347961,0.549840569496155,0.345965981483459,26,6.57200002670288,0.9494923949241642,Southeastern Asia,0.46430778503418,2017
Malta,1.55686283111572,1.34327983856201,1.48841166496277,0.588767051696777,0.5747305750846861,27,6.52699995040894,0.821944236755371,Western Europe,0.153066068887711,2017
Uruguay,2.17240953445435,1.21755969524384,1.41222786903381,0.5793922543525699,0.175096929073334,28,6.4539999961853,0.719216823577881,Latin America and Caribbean,0.17806187272071802,2017
Guatemala,2.89389109611511,0.872001945972443,1.25558519363403,0.5313106179237371,0.283488392829895,29,6.4539999961853,0.540239989757538,Latin America and Caribbean,0.0772232785820961,2017
Panama,2.30719995498657,1.23374843597412,1.3731925487518302,0.550026834011078,0.21055693924427,30,6.4520001411438,0.706156134605408,Latin America and Caribbean,0.070983923971653,2017
France,2.00595474243164,1.43092346191406,1.38777685165405,0.470222115516663,0.129762306809425,31,6.44199991226196,0.8444658517837521,Western Europe,0.172502428293228,2017
Thailand,2.03950834274292,1.12786877155304,1.4257924556732198,0.580200731754303,0.572123110294342,32,6.423999786376951,0.647239029407501,Southeastern Asia,0.0316127352416515,2017
Spain,1.92775774002075,1.38439786434174,1.53209090232849,0.408781230449677,0.190133571624756,34,6.40299987792969,0.888960599899292,Western Europe,0.0709140971302986,2017
Qatar,1.1454644203186002,1.87076568603516,1.27429687976837,0.604130983352661,0.33047387003898604,35,6.375,0.7100980877876278,Middle East and Northern Africa,0.4392992556095121,2017
Colombia,2.6160681247711204,1.07062232494354,1.4021829366683998,0.477487415075302,0.14901447296142598,36,6.35699987411499,0.595027923583984,Latin America and Caribbean,0.0466687418520451,2017
Saudi Arabia,2.0654296875,1.53062355518341,1.28667759895325,0.449750572443008,0.147616013884544,37,6.343999862670901,0.590148329734802,Middle East and Northern Africa,0.27343225479126004,2017
Trinidad and Tobago,2.0532474517822297,1.36135590076447,1.3802285194397,0.518630743026733,0.32529646158218395,38,6.1680002212524405,0.5199832916259771,Latin America and Caribbean,0.00896481610834599,2017
Kuwait,1.64042520523071,1.63295245170593,1.25969874858856,0.496337592601776,0.228289797902107,39,6.10500001907349,0.6321057081222529,Middle East and Northern Africa,0.21515955030918105,2017
Slovakia,2.09777665138245,1.32539355754852,1.5050592422485398,0.295817464590073,0.136544480919838,40,6.09800004959106,0.712732911109924,Central and Eastern Europe,0.0242108516395092,2017
Bahrain,1.65614938735962,1.48841226100922,1.3231104612350502,0.536746919155121,0.17266848683357194,41,6.08699989318848,0.653133034706116,Middle East and Northern Africa,0.257042169570923,2017
Malaysia,2.00444889068604,1.29121541976929,1.28464603424072,0.4022649824619289,0.416608929634094,42,6.08400011062622,0.618784427642822,Southeastern Asia,0.0656007081270218,2017
Nicaragua,2.51393055915833,0.737299203872681,1.28721570968628,0.447551846504211,0.301674216985703,43,6.07100009918213,0.6530959606170649,Latin America and Caribbean,0.130687981843948,2017
Ecuador,2.29035258293152,1.00082039833069,1.28616881370544,0.4551981985569,0.15011246502399406,44,6.00799989700317,0.685636222362518,Latin America and Caribbean,0.140134647488594,2017
El Salvador,2.7145938873291,0.909784495830536,1.1821250915527302,0.432452529668808,0.0782579854130745,45,6.0029997825622585,0.596018552780151,Latin America and Caribbean,0.0899809598922729,2017
Poland,1.7977228164672898,1.29178786277771,1.44571197032928,0.520342111587524,0.158465966582298,46,5.97300004959106,0.699475347995758,Central and Eastern Europe,0.0593078061938286,2017
Uzbekistan,1.81691360473633,0.786441087722778,1.54896914958954,0.6582486629486078,0.415983647108078,47,5.97100019454956,0.498272627592087,Central and Eastern Europe,0.246528223156929,2017
Italy,1.81331205368042,1.39506661891937,1.44492328166962,0.256450712680817,0.17278964817523998,48,5.96400022506714,0.8531443476676941,Western Europe,0.0280280914157629,2017
Russia,2.20560741424561,1.28177809715271,1.46928238868713,0.373783111572266,0.0522638224065304,49,5.962999820709231,0.547349333763123,Central and Eastern Europe,0.0329628810286522,2017
Belize,2.63195562362671,0.907975316047668,1.08141779899597,0.5475093722343439,0.24001564085483604,50,5.955999851226809,0.450191766023636,Latin America and Caribbean,0.0965810716152191,2017
Japan,1.36322355270386,1.41691517829895,1.43633782863617,0.505625545978546,0.12057276815176,51,5.92000007629395,0.9134758710861208,Eastern Asia,0.163760736584663,2017
Lithuania,2.22844052314758,1.3145823478698702,1.47351610660553,0.234231784939766,0.010164656676352,52,5.90199995040894,0.62894994020462,Central and Eastern Europe,0.0118656428530812,2017
Algeria,2.5676038265228303,1.09186446666718,1.1462174654007,0.233335807919502,0.0694366469979286,53,5.8720002174377415,0.6175846457481379,Middle East and Northern Africa,0.14609611034393302,2017
Latvia,1.9936552047729497,1.26074862480164,1.40471494197845,0.325707912445068,0.153074786067009,54,5.849999904632571,0.638566970825195,Central and Eastern Europe,0.0738427266478539,2017
South Korea,1.8803780078887904,1.40167844295502,1.1282744407653795,0.257921665906906,0.206674367189407,55,5.837999820709231,0.900214076042175,Eastern Asia,0.0632826685905457,2017
Moldova,2.80780839920044,0.7288706302642819,1.25182557106018,0.240729048848152,0.20877912640571605,56,5.837999820709231,0.5894652009010309,Central and Eastern Europe,0.0100912861526012,2017
Romania,2.17683148384094,1.21768391132355,1.15009129047394,0.457003742456436,0.133519917726517,57,5.824999809265139,0.6851583123207089,Central and Eastern Europe,0.004387900698930029,2017
Bolivia,2.44327902793884,0.833756566047668,1.22761905193329,0.5587329268455511,0.22556072473526,58,5.82299995422363,0.4736302495002751,Latin America and Caribbean,0.0604777261614799,2017
Turkmenistan,1.83290982246399,1.1307767629623402,1.49314916133881,0.41827192902565,0.24992498755455,59,5.82200002670288,0.437726080417633,Central and Eastern Europe,0.2592703402042389,2017
Kazakhstan,1.78489255905151,1.2845562696456898,1.38436901569366,0.43745428323745705,0.20196442306041695,60,5.8189997673034695,0.6060415506362921,Central and Eastern Europe,0.11928288638591802,2017
North Cyprus,1.54915761947632,1.3469113111496,1.18630337715149,0.471203625202179,0.266845703125,61,5.80999994277954,0.834647238254547,Western Europe,0.155353352427483,2017
Slovenia,1.31331729888916,1.3412059545517,1.4525188207626298,0.572575807571411,0.242649093270302,62,5.75799989700317,0.7908282279968258,Central and Eastern Europe,0.0451289787888527,2017
Peru,2.20726943016052,1.03522527217865,1.21877038478851,0.4500028789043429,0.126819714903831,63,5.71500015258789,0.6301661133766171,Latin America and Caribbean,0.0470490865409374,2017
Mauritius,1.6975839138031,1.18939554691315,1.20956099033356,0.491247326135635,0.360933750867844,64,5.62900018692017,0.6380074620246889,Sub-Saharan Africa,0.0421815551817417,2017
Cyprus,1.62124919891357,1.35593807697296,1.13136327266693,0.35511153936386103,0.271254301071167,65,5.62099981307983,0.84471470117569,Western Europe,0.0412379764020443,2017
Estonia,1.35750865936279,1.3208793401718102,1.47667109966278,0.479131430387497,0.0988908112049103,66,5.61100006103516,0.695168316364288,Central and Eastern Europe,0.18324892222881306,2017
Belarus,1.72323298454285,1.15655755996704,1.4449452161788898,0.295400261878967,0.15513750910759,67,5.5689997673034695,0.6377142667770389,Central and Eastern Europe,0.156313821673393,2017
Libya,1.8350112438201895,1.10180306434631,1.35756433010101,0.465733230113983,0.15207366645336198,68,5.525000095367429,0.520169019699097,Middle East and Northern Africa,0.0926102101802826,2017
Turkey,1.87927794456482,1.1982743740081798,1.33775317668915,0.300740599632263,0.0466930419206619,69,5.5,0.6376056075096129,Middle East and Northern Africa,0.0996715798974037,2017
Paraguay,1.6853334903717,0.932537317276001,1.50728487968445,0.473507791757584,0.224150657653809,70,5.493000030517581,0.579250693321228,Latin America and Caribbean,0.091065913438797,2017
Philippines,1.9726047515869096,0.85769921541214,1.25391757488251,0.585214674472809,0.193513423204422,72,5.42999982833862,0.468009054660797,Southeastern Asia,0.0993318930268288,2017
Serbia,1.94708442687988,1.06931757926941,1.2581897974014298,0.20871552824974104,0.22012588381767295,73,5.39499998092651,0.65078467130661,Central and Eastern Europe,0.0409037806093693,2017
Jordan,1.79117655754089,0.9910123944282528,1.23908889293671,0.418421149253845,0.17217046022415194,74,5.33599996566772,0.6045900583267211,Middle East and Northern Africa,0.11980327218771003,2017
Hungary,1.7164592742919902,1.2860119342803995,1.34313309192657,0.17586351931095098,0.0784016624093056,75,5.32399988174438,0.6877634525299069,Central and Eastern Europe,0.0366369374096394,2017
Jamaica,1.61232566833496,0.925579309463501,1.3682180643081698,0.474307239055634,0.23381833732128104,76,5.31099987030029,0.6410223841667181,Latin America and Caribbean,0.0552677810192108,2017
Croatia,1.85449242591858,1.22255623340607,0.96798300743103,0.255772292613983,0.248002976179123,77,5.2930002212524405,0.701288521289825,Central and Eastern Europe,0.0431031100451946,2017
Kosovo,2.01054072380066,0.951484382152557,1.13785350322723,0.260287940502167,0.319931447505951,78,5.27899980545044,0.541452050209045,Central and Eastern Europe,0.0574716180562973,2017
China,1.76493859291077,1.08116579055786,1.16083741188049,0.472787708044052,0.0288068410009146,79,5.2729997634887695,0.741415500640869,Eastern Asia,0.0227942746132612,2017
Pakistan,2.7924892902374303,0.7268835306167599,0.6726906895637509,0.23521526157856,0.3154460191726681,80,5.26900005340576,0.402047783136368,Southern Asia,0.124348066747189,2017
Indonesia,1.42947697639465,0.995538592338562,1.27444469928741,0.443323463201523,0.611704587936401,81,5.26200008392334,0.4923457205295561,Southeastern Asia,0.0153171354904771,2017
Venezuela,1.78946375846863,1.12843120098114,1.43133759498596,0.15399712324142498,0.0650196298956871,82,5.25,0.617144227027893,Latin America and Caribbean,0.0644911229610443,2017
Montenegro,1.72919154167175,1.12112903594971,1.23837649822235,0.194989055395126,0.197911024093628,83,5.23699998855591,0.6674646735191351,Central and Eastern Europe,0.0881741940975189,2017
Morocco,2.45618939399719,0.8781145811080929,0.774864435195923,0.408158332109451,0.0322099551558495,84,5.2350001335144,0.59771066904068,Middle East and Northern Africa,0.0877631828188896,2017
Azerbaijan,1.7624816894531203,1.1536017656326298,1.15240025520325,0.3981558382511141,0.0452693402767181,85,5.2340002059936515,0.5407757759094239,Central and Eastern Europe,0.180987507104874,2017
Dominican Republic,1.3194651603698702,1.07937383651733,1.4024167060852095,0.55258983373642,0.186967849731445,86,5.230000019073491,0.574873745441437,Latin America and Caribbean,0.113945253193378,2017
Greece,1.74922156333923,1.28948748111725,1.23941457271576,0.0957312509417534,0.0,87,5.227000236511231,0.8101989030838009,Western Europe,0.04328977689147,2017
Lebanon,1.69507384300232,1.07498753070831,1.12962424755096,0.28851598501205394,0.26445075869560203,88,5.22499990463257,0.7350810766220089,Middle East and Northern Africa,0.037513829767704,2017
Portugal,1.10768270492554,1.3151752948761002,1.36704301834106,0.498465299606323,0.0951027125120163,89,5.19500017166138,0.795843541622162,Western Europe,0.0158694516867399,2017
Bosnia and Herzegovina,1.89217257499695,0.982409417629242,1.0693359375,0.204403176903725,0.328867495059967,90,5.18200016021729,0.705186307430267,Central and Eastern Europe,0.0,2017
Honduras,2.0658111572265603,0.730573117733002,1.14394497871399,0.348079860210419,0.23618887364864305,91,5.1810002326965305,0.582569479942322,Latin America and Caribbean,0.0733454525470734,2017
Macedonia,1.6174693107605,1.06457793712616,1.20789301395416,0.325905978679657,0.25376096367836,92,5.1750001907348615,0.644948184490204,Central and Eastern Europe,0.0602777935564518,2017
Somalia,3.11748456954956,0.0226431842893362,0.7211513519287109,0.602126955986023,0.291631311178207,93,5.151000022888179,0.113989137113094,Sub-Saharan Africa,0.28241032361984303,2017
Vietnam,1.46231865882874,0.7885475754737851,1.27749133110046,0.571055591106415,0.234968051314354,94,5.07399988174438,0.6521689891815191,Southeastern Asia,0.0876332372426987,2017
Nigeria,2.36539053916931,0.783756256103516,1.21577048301697,0.394952565431595,0.230947196483612,95,5.07399988174438,0.0569157302379608,Sub-Saharan Africa,0.0261215660721064,2017
Tajikistan,1.8490493297576895,0.524713635444641,1.27146327495575,0.471566706895828,0.24899764358997306,96,5.04099988937378,0.5292351245880129,Central and Eastern Europe,0.14637714624404902,2017
Bhutan,1.14018440246582,0.885416388511658,1.3401265144348102,0.5015376806259161,0.474054545164108,97,5.01100015640259,0.495879292488098,Southern Asia,0.17338038980960802,2017
Kyrgyzstan,1.53672313690186,0.5962200760841371,1.39423859119415,0.454943388700485,0.42858037352562,98,5.0040001869201705,0.553457796573639,Central and Eastern Europe,0.0394391790032387,2017
Nepal,1.8912410736084,0.479820191860199,1.17928326129913,0.4403059482574461,0.3940961658954621,99,4.961999893188481,0.504130780696869,Southern Asia,0.0729755461215973,2017
Mongolia,1.11129236221313,1.02723586559296,1.4930112361908,0.3941439688205721,0.338464230298996,100,4.95499992370605,0.557783484458923,Eastern Asia,0.0329022891819477,2017
South Africa,1.51090860366821,1.05469870567322,1.38478863239288,0.479246735572815,0.13936237990856198,101,4.8289999961853,0.18708007037639604,Sub-Saharan Africa,0.0725094974040985,2017
Tunisia,1.8902511596679696,1.00726580619812,0.8683514595031742,0.289680689573288,0.0496933571994305,102,4.80499982833862,0.613212049007416,Middle East and Northern Africa,0.0867231488227844,2017
Palestinian Territories,1.8788902759552,0.716249227523804,1.15564715862274,0.25471106171608,0.114173173904419,103,4.77500009536743,0.565666973590851,Middle East and Northern Africa,0.0892826020717621,2017
Egypt,1.70216107368469,0.989701807498932,0.997471392154694,0.28211015462875394,0.128631442785263,104,4.7350001335144,0.520187258720398,Middle East and Northern Africa,0.114381365478039,2017
Bulgaria,0.996139287948608,1.1614590883255,1.43437945842743,0.2892317175865169,0.113177694380283,105,4.71400022506714,0.708217680454254,Central and Eastern Europe,0.0110515309497714,2017
Sierra Leone,2.66845989227295,0.36842092871666,0.984136044979095,0.318697690963745,0.293040901422501,106,4.70900011062622,0.005564753897488121,Sub-Saharan Africa,0.0710951760411263,2017
Cameroon,2.3336455821991,0.564305365085602,0.946018218994141,0.430388748645782,0.23629845678806305,107,4.69500017166138,0.132892116904259,Sub-Saharan Africa,0.0513066314160824,2017
Iran,1.49873495101929,1.15687310695648,0.7115512490272521,0.24932260811328896,0.387242913246155,108,4.69199991226196,0.639333188533783,Middle East and Northern Africa,0.048761073499918005,2017
Albania,1.49044156074524,0.996192753314972,0.8036852478981021,0.381498634815216,0.201312944293022,109,4.64400005340576,0.731159746646881,Central and Eastern Europe,0.0398642159998417,2017
Bangladesh,1.9787361621856696,0.586682975292206,0.735131740570068,0.478356659412384,0.17225535213947304,110,4.60799980163574,0.533241033554077,Southern Asia,0.123717859387398,2017
Namibia,1.4818902015686002,0.964434325695038,1.0984708070755,0.520303547382355,0.0771337449550629,111,4.57399988174438,0.33861181139946,Sub-Saharan Africa,0.0931469723582268,2017
Kenya,1.6519021987915,0.560479462146759,1.06795072555542,0.452763766050339,0.444860309362411,112,4.55299997329712,0.30998834967613204,Sub-Saharan Africa,0.0646413192152977,2017
Mozambique,2.3556509017944305,0.234305649995804,0.870701014995575,0.480791091918945,0.322228103876114,113,4.5500001907348615,0.106654435396194,Sub-Saharan Africa,0.17943638563156106,2017
Myanmar,1.11529040336609,0.36711055040359497,1.12323594093323,0.514492034912109,0.8380751609802249,114,4.54500007629395,0.397522568702698,Southeastern Asia,0.188816204667091,2017
Senegal,1.78964614868164,0.479309022426605,1.17969191074371,0.37792226672172496,0.183468893170357,115,4.53499984741211,0.409362852573395,Sub-Saharan Africa,0.115460447967052,2017
Zambia,1.82670545578003,0.6364067792892459,1.00318729877472,0.461603492498398,0.249580144882202,116,4.513999938964839,0.25783589482307395,Sub-Saharan Africa,0.0782135501503944,2017
Iraq,1.31890726089478,1.1027104854583702,0.978613197803497,0.288555532693863,0.19963726401329,117,4.49700021743774,0.501180469989777,Middle East and Northern Africa,0.107215754687786,2017
Gabon,1.3229162693023702,1.1982102394104,1.1556202173233,0.31232857704162603,0.0437853783369064,118,4.46500015258789,0.35657858848571794,Sub-Saharan Africa,0.0760467872023582,2017
Ethiopia,2.01574373245239,0.339233845472336,0.8646692037582401,0.408842742443085,0.31265074014663696,119,4.46000003814697,0.353409707546234,Sub-Saharan Africa,0.16545571386814098,2017
Sri Lanka,0.4193892478942871,1.00985014438629,1.25997638702393,0.561213254928589,0.490863561630249,120,4.44000005722046,0.625130832195282,Southern Asia,0.0736539661884308,2017
Armenia,1.5214991569519,0.900596737861633,1.00748372077942,0.198303267359734,0.0834880918264389,121,4.37599992752075,0.637524425983429,Central and Eastern Europe,0.0266744215041399,2017
India,1.5191171169281,0.7922212481498722,0.754372596740723,0.469987004995346,0.23153848946094505,122,4.31500005722046,0.455427616834641,Southern Asia,0.0922268852591515,2017
Mauritania,1.65163731575012,0.6484572887420649,1.2720308303833,0.0960980430245399,0.201870024204254,123,4.29199981689453,0.285349279642105,Sub-Saharan Africa,0.136957004666328,2017
Congo (Brazzaville),1.72413563728333,0.8089642524719242,0.8320443630218509,0.4350258708000179,0.12085212767124197,124,4.29099988937378,0.28995743393898,Sub-Saharan Africa,0.0796181336045265,2017
Georgia,1.50013780593872,0.950612664222717,0.57061493396759,0.309410035610199,0.0540088154375553,125,4.28599977493286,0.649546980857849,Central and Eastern Europe,0.25166663527488703,2017
Congo (Kinshasa),2.22495865821838,0.0921023488044739,1.22902345657349,0.235961347818375,0.246455833315849,126,4.280000209808351,0.191407024860382,Sub-Saharan Africa,0.0602413564920425,2017
Mali,1.66819095611572,0.476180493831635,1.2814733982086202,0.306613743305206,0.183354198932648,127,4.19000005722046,0.16936567425727805,Sub-Saharan Africa,0.10497024655342098,2017
Ivory Coast,1.84496426582336,0.6030489206314089,0.904780030250549,0.4477061927318571,0.201237469911575,128,4.17999982833862,0.0486421696841717,Sub-Saharan Africa,0.130061775445938,2017
Cambodia,1.04294109344482,0.6017650961875921,1.00623834133148,0.633375823497772,0.385922968387604,129,4.1680002212524405,0.429783403873444,Southeastern Asia,0.0681059509515762,2017
Sudan,1.6870658397674598,0.6595166921615601,1.21400856971741,0.0149958552792668,0.182317450642586,130,4.138999938964839,0.290920823812485,Sub-Saharan Africa,0.089847519993782,2017
Ghana,1.57786750793457,0.667224824428558,0.873664736747742,0.423026293516159,0.25692394375801103,131,4.11999988555908,0.29563772678375205,Sub-Saharan Africa,0.0253363698720932,2017
Ukraine,0.8143823146820072,0.89465194940567,1.39453756809235,0.122974775731564,0.270061463117599,132,4.09600019454956,0.575903952121735,Central and Eastern Europe,0.0230294708162546,2017
Uganda,1.526362657547,0.381430715322495,1.12982773780823,0.443185955286026,0.32576605677604703,133,4.08099985122681,0.21763260662555706,Sub-Saharan Africa,0.057069718837738,2017
Burkina Faso,1.72721290588379,0.3502277135849001,1.04328000545502,0.32436785101890603,0.250864684581757,134,4.03200006484985,0.21584425866603896,Sub-Saharan Africa,0.12032810598611805,2017
Niger,1.87398338317871,0.16192533075809498,0.993025004863739,0.36365869641304,0.228673845529556,135,4.02799987792969,0.26850500702858,Sub-Saharan Africa,0.13857294619083402,2017
Malawi,2.08178615570068,0.233442038297653,0.5125688314437871,0.466914653778076,0.28717046976089505,136,3.97000002861023,0.315089583396912,Sub-Saharan Africa,0.0727116540074348,2017
Chad,2.07123804092407,0.43801298737525896,0.953855872154236,0.16234202682972002,0.216113850474358,137,3.9360001087188703,0.0411347150802612,Sub-Saharan Africa,0.0535818822681904,2017
Zimbabwe,1.59797024726868,0.3758465349674221,1.08309590816498,0.336384207010269,0.189143493771553,138,3.875,0.19676375389099104,Sub-Saharan Africa,0.0953753814101219,2017
Lesotho,1.42983531951904,0.521021246910095,1.19009518623352,0.390661299228668,0.157497271895409,139,3.80800008773804,0.0,Sub-Saharan Africa,0.119094640016556,2017
Angola,1.61448240280151,0.8584281802177429,1.10441195964813,0.0,0.09792649000883097,140,3.79500007629395,0.0498686656355858,Sub-Saharan Africa,0.0697203353047371,2017
Afghanistan,2.15080118179321,0.401477217674255,0.581543326377869,0.106179520487785,0.311870932579041,141,3.79399991035461,0.18074677884578694,Southern Asia,0.0611578300595284,2017
Botswana,0.3779137134552,1.12209415435791,1.22155499458313,0.505196332931519,0.0993484482169151,142,3.7660000324249294,0.34175550937652605,Sub-Saharan Africa,0.0985831990838051,2017
Benin,1.88563096523285,0.43108540773391707,0.435299843549728,0.42596277594566295,0.207948461174965,143,3.65700006484985,0.20993021130561804,Sub-Saharan Africa,0.0609290152788162,2017
Madagascar,1.58461260795593,0.305808693170547,0.9130203723907472,0.18919676542282104,0.208732530474663,144,3.64400005340576,0.375223308801651,Sub-Saharan Africa,0.0672319754958153,2017
Haiti,1.69716763496399,0.368610262870789,0.640449821949005,0.0303698573261499,0.4892037808895109,145,3.6029999256134,0.277321130037308,Latin America and Caribbean,0.0998721495270729,2017
Yemen,1.34560060501099,0.5916834473609921,0.93538224697113,0.24946372210979506,0.104125209152699,146,3.59299993515015,0.310080915689468,Middle East and Northern Africa,0.0567674227058887,2017
South Sudan,1.8795673847198504,0.39724862575531,0.601323127746582,0.147062435746193,0.285670816898346,147,3.5910000801086404,0.163486003875732,Sub-Saharan Africa,0.116793513298035,2017
Liberia,1.6732859611511202,0.119041793048382,0.8721179366111759,0.33288118243217496,0.26654988527298,148,3.532999992370609,0.229918196797371,Sub-Saharan Africa,0.0389482490718365,2017
Guinea,1.55231189727783,0.24454993009567305,0.7912446856498722,0.348587512969971,0.264815092086792,149,3.50699996948242,0.194129139184952,Sub-Saharan Africa,0.110937617719173,2017
Togo,1.8372292518615705,0.3054447174072269,0.4318825304508211,0.38042613863945,0.19689615070819896,150,3.4949998855590803,0.247105568647385,Sub-Saharan Africa,0.0956650152802467,2017
Rwanda,0.540061235427856,0.368745893239975,0.945707023143768,0.5818438529968261,0.2527560293674469,151,3.47099995613098,0.326424807310104,Sub-Saharan Africa,0.455220013856888,2017
Syria,1.06157350540161,0.777153134346008,0.396102607250214,0.0815394446253777,0.493663728237152,152,3.46199989318848,0.5005333423614501,Middle East and Northern Africa,0.15134713053703305,2017
Tanzania,0.621130466461182,0.511135876178741,1.04198980331421,0.390017777681351,0.354256361722946,153,3.34899997711182,0.364509284496307,Sub-Saharan Africa,0.0660351067781448,2017
Burundi,1.68302416801453,0.091622568666935,0.629793584346771,0.0599007532000542,0.20443518459796894,154,2.90499997138977,0.151610791683197,Sub-Saharan Africa,0.0841479450464249,2017
Central African Republic,2.06600475311279,0.0,0.0,0.270842045545578,0.280876487493515,155,2.69300007820129,0.0187726859003305,Sub-Saharan Africa,0.0565650761127472,2017
